CreatorID,Name,CountryOfResidence,TaxReferenceNumber,EmailAddress
1,Nicole Franco,Qatar,NULL,liziy.ejqbihoaz@jkbsel.tqmzrf.net
2,Pablo Terry,Switzerland,NULL,piozk.ihpxcc@bvasx-.net
3,Desiree Lambert,Uganda,NULL,enpdw.qkjosgmaz@btcfiq.org
4,Chadwick Stephenson,Malvinas,NULL,kdrntswp75@cymsmw.com
5,Daphne Gilbert,Italy,NULL,vbwgy.xezyuh@xpvv.apeivl.com
6,Sonya Mosley,Colombia,NULL,tqdituip.uxzmguo@czpdrbr.ewnkmh.com
7,Katina Browning,Mozambique,NULL,owpbnrkh965@uucoeem.gaecsb.org
8,Kari Boyd,NULL,NULL,poisyzz.phbqdaax@qktgz.kh-gor.org
9,Seth Mc Bride,China,NULL,thcfpmvv684@-efehl.net
10,Bernard Knight,Trinidad,NULL,ijrn.owxd@wyuh.yudppb.com
11,Devon Fleming,Mozambique,NULL,dacimw.luvy@wqgstk.net
12,Janet Ramos,Colombia,NULL,bkyejqs2@nymn.glzjdy.org
13,Jose Velazquez,Latvia,NULL,uynixieq.rjhm@ebow-q.net
14,Joshua Conrad,Vanuatu,NULL,timyzxxm.psfxuyxiqz@cuowea.com
15,Cassandra Randall,Eire,NULL,bdaioo.qyaetewfy@qzraykqf.jcrvcd.org
16,Marlon Ingram,Cameroon,NULL,sxifcr.ypkyxj@ttmjca.net
17,Karl Mac Donald,Serbia,NULL,jdvn051@azcnha.zuegu-.org
18,Shari Kelley,Cameroon,NULL,cjsqi.kvyv@tnwumwx.qeeiva.org
19,Gabriel Proctor,Bhutan,NULL,civil8@waofok.net
20,Judy Hatfield,Jordan,NULL,ggjn384@hnowrtq.uzrvzf.com
21,Alan Norton,Moldova,NULL,vjkq.zvxjpar@qojfph.xmykcw.com
22,Gabriela Little,Burundi,NULL,jgxeln78@zgdpit.com
23,Mario Hampton,Mauritius,NULL,gpavsrlx.icgmzjcn@qaqjan.org
24,Jeffery Shepherd,Hungary,NULL,jibjm.tfcmuccuk@mnhunve.jezptc.com
25,Joni Kline,Kiribati,NULL,okgzq.gdabuynh@qbsi.ufecdy.net
26,Jeanette Vance,El Salvador,NULL,iijhoj8@aqmujj.net
27,Juanita Craig,Jamaica,NULL,tsec.apatmoj@sskqzx.jugngw.org
28,Nina Ponce,Aruba,NULL,vthbbw685@thevpc.net
29,Abigail Chavez,Indonesia,NULL,ztxzqiju126@ghjrnl.net
30,Latoya Peters,United Kingdom,NULL,ldaqm6@iw-jak.com
31,Sandy Acosta,Honduras,NULL,mlsk85@ekfpey.com
32,Alissa Perkins,Vatican City,NULL,qrws37@swgzctzic.qmvwbe.com
33,Roberto Lutz,Peru,NULL,gsrbyfu.tzga@twbgeh.com
34,Shane Singleton,Taiwan,NULL,xwkec.pgza@kqy-ee.net
35,Claude Bowman,Philippines,NULL,iwazhba@tcufnbrby.sg-dqh.org
36,Jonathan Shepard,Togo,NULL,gacrjoak@ohr-tm.com
37,Miriam Floyd,Denmark,NULL,kznexc.avqtvws@bsff.vwgyok.com
38,Kareem Cabrera,Tunisia,NULL,kert.nyuhylkke@spkdrulgh.qwynez.org
39,Monte Hatfield,Montenegro,NULL,mbbdlt.lgtslsguv@wrjgmk.org
40,Nikki Roach,Armenia,NULL,bvst96@pdrdki.org
41,Brian Clay,Macedonia,NULL,prxqes@duprh.xkrmgh.com
42,Megan Esparza,Cape Verde,NULL,hsgqnsha849@ajrgg.dmxwug.net
43,Robert Stanton,Saint Lucia,NULL,rfhew47@kcsowvx.trcpbf.com
44,Israel Warren,Burundi,NULL,fitslijl.hccgook@lmyaax.net
45,Gina Johns,Honduras,NULL,znpfyjg050@gthou.mboegj.org
46,Eddie Esparza,Suriname,NULL,hhrtp92@tvzlnuut.fdtmck.net
47,Frances Mac Donald,Greenland,NULL,yjxo9@vk-jin.net
48,Claudia Moore,Indonesia,NULL,bonrakn.kdneqejm@ktke-p.org
49,Brad Joseph,Malawi,NULL,jshx.hcwff@kxyfwh.org
50,Cedric Vaughn,Honduras,NULL,fqxjrmlp0@cyammq.net
51,Shane Conner,South Georgia,NULL,iegbxa.zehzudc@yjvmnr.amgyws.com
52,Tracy Thomas,Morocco,NULL,grxlr@ckiuwr.vr-ngb.org
53,Miriam O'Neal,Burkina Faso,NULL,mczl.qgup@fqrdey.org
54,Marisa Bennett,Falklands,NULL,djkevgd8@qcypjirq.dndcnt.org
55,Veronica Mata,Luxembourg,NULL,vjjv.drupnu@zgomes.uwfpwz.net
56,Tommy Rojas,Nauru,NULL,bhnyexl94@ntdvaq.com
57,Marcia Clarke,China,NULL,obpl.ncgtsiltha@poefmt.net
58,Andrew Gallagher,Kyrgyzstan,NULL,gcctvigi952@xberll.net
59,Lewis Wright,Kuwait,NULL,dzubzs8@uk-myj.org
60,Stacy Mc Intyre,Gabon,NULL,gbciztqh04@qyt-gg.com
61,Misty Rivera,Zimbabwe,NULL,rczpbnxp33@aqugik.org
62,Angela Ochoa,Botswana,NULL,tazitbt.unckzjksdj@ucjwgw.org
63,Erin Reynolds,Croatia,NULL,zyfakjz.twvje@lzahjo.org
64,Tracie Petty,Djibouti,NULL,phzxplme.dwicaq@zjntq.oojgvu.net
65,Lauren Randolph,Malawi,NULL,sekckb26@brmkz.xppvmv.com
66,Carlton Doyle,New Zealand,NULL,iabfjvw.drxgiurcw@owb-hk.net
67,Arnold De Leon,Kuwait,NULL,uwrolat033@nisacp.net
68,Patrice Jensen,Montserrat,NULL,tqhs.xaxyyqy@clgptla.ebfitg.org
69,Mike Robles,Egypt,NULL,hkvdbht11@kfjhwqq.-amsba.com
70,Latonya Harmon,Guatemala,NULL,cetrrr148@gqfwdv.net
71,Ramiro Harding,Tuvalu,NULL,bwqq33@fdre.kmrsyg.org
72,Kenneth Mc Carthy,Syria,NULL,uxyskg.gsra@aikxusmqo.bruilb.net
73,Grace Mack,Malvinas,NULL,ylwsl.coaz@drimjibmk.dippsk.com
74,Theodore Welch,Azerbaijan,NULL,duccvg@rdmqdh.net
75,Miguel Brady,Uganda,NULL,mwdtxcnm.uyfraovq@vbclma.net
76,Gretchen Ayala,Israel,NULL,mneirry.jxzojozc@-dyvnj.net
77,Shane Nixon,Honduras,NULL,ksrhvhh142@ielsym.com
78,Kathryn Warren,Isle of Man,NULL,djohvc.qytmoy@arghku.com
79,Alfred Ayers,Algeria,NULL,fhusj.ktxoisn@mlnonbel.irffdb.com
80,Terrence Patrick,Morocco,NULL,ybnhv@trjjkof.vzgbcd.org
81,Cary Olson,Tuvalu,NULL,eadfepu7@yrds.eimbez.org
82,Kari Valenzuela,Angola,NULL,fidbqvxk.hshedw@qcgce.o-yvpg.net
83,Allison Hull,Macedonia,NULL,aezgreyz.zzvzuae@ki-ubc.org
84,Wayne Choi,Angola,NULL,qwcurs1@eyvq.scezof.net
85,Trina Garza,Bhutan,NULL,yinsz@riclthg.hrvhmz.com
86,Gabriel O'Connor,Samoa,NULL,lbyyh.zmvjeors@uhnod.vyjgoa.org
87,Demond Kent,South Georgia,NULL,NULL
88,Jeffrey Brewer,Jamaica,NULL,iyzoiy791@yb-pyo.com
89,Shaun Mc Knight,Guinea-Bissau,NULL,scdid@vxcjaf.com
90,Alisha Cuevas,Bangladesh,NULL,kiosmpke@qpmttp.net
91,Lee Mc Mahon,Puerto Rico,NULL,fevf028@vlmnf-.org
92,Dana Perkins,Rwanda,NULL,msdcgcn.kjqlksxfm@ineinz.xdafts.com
93,Bethany Horn,Jordan,NULL,dccpcre.mwmlt@trmxzn.net
94,Kelvin Casey,Gambia,NULL,gbpvee.cbpv@fweq.vqmpeo.net
95,Ericka Shelton,Aruba,NULL,bfljpg.abisqxzk@tgwmrsiez.tlkfls.com
96,Karla Wilkins,India,NULL,qsaoo.uwytyrdfb@poos-k.org
97,Travis Rush,Uzbekistan,NULL,ooqbgx76@rhiwwkkah.fijzcy.org
98,Laura Hurst,Malaysia,NULL,rphz1@voiiny.net
99,Wendy Andersen,Morocco,NULL,ihsw.ghxihrgule@mwrgss.org
100,Cecil Mora,Puerto Rico,NULL,olxhs1@k-ao-r.org
101,Toby Bradshaw,Honduras,NULL,wclbdfm.vdbozuy@kqqwz.zutwyy.net
102,Kelly Smith,Portugal,NULL,elwz37@zw-tbk.org
103,Mario Hull,Canada,NULL,cfhmrzdi46@zdxcbu.net
104,Vernon Lloyd,Colombia,NULL,mrul.cgshqvvprr@vxk-ff.com
105,Heather Archer,Kazakhstan,NULL,wwwzil766@agvqdzuqk.eieytn.com
106,Regina Patel,Uzbekistan,NULL,owkfgj.ejsw@ovvr.jbfuwm.com
107,Peggy Boone,Australia,NULL,pdmsp136@lxdukx.com
108,Elton Arias,Bahamas,NULL,fvjdbz30@vtcvrq.org
109,Kirk Austin,Guam,NULL,wwfear94@zzku.iqpdxu.org
110,Darius May,Barbados,NULL,besujcuu.jpecjwp@tpuw.i-h-nk.net
111,Roderick Horn,Eire,NULL,ybynksoi.blbepggtp@mmghjk.com
112,Henry Small,Russia,NULL,ugnpg.ewlwvoemsl@kbttvlelo.e-gfnu.net
113,Glenn Decker,Kiribati,NULL,vunmck7@bowdhxs.mrdaeo.com
114,Johnny Tapia,Swaziland,NULL,kppzj.pmqyzjlcs@mbhx-h.net
115,Sonia Knight,Haiti,NULL,kwqth.txddjz@hrqztrb.lfcbjh.com
116,Moses Hammond,Venezuela,NULL,hepeiz.bjqozpld@bgjib.ihdmdu.org
117,Warren Garrett,Montserrat,NULL,knvejh92@-movu-.org
118,Leigh Huang,Comoros,NULL,hgfyd@gfgef.ltgttq.net
119,Ismael Santana,Bhutan,NULL,dkscvti.tnddixbxk@rbrevjc.nggamy.org
120,Tera Novak,Saint Helena,NULL,kkagmo60@wfwjohqbt.gmqfdx.com
121,Erik Blackwell,South Africa,NULL,qegkqn@aemsiyfik.mfh-ux.org
122,Tonya Davidson,Anguilla,NULL,qfjdaf@niytgm.org
123,Shonda Cherry,Ecuador,NULL,aoesaw9@fptk.euuwdg.org
124,Angie Cohen,Chile,NULL,bttbzt.afwoj@mqlfby.net
125,Kerri Martinez,Namibia,NULL,uyao1@hrqgc.oejaej.net
126,Ian Mc Donald,China,NULL,nhph0@jxzdyf.cwvcfs.org
127,Alfonso Aguilar,Israel,NULL,kgxa.mmxc@xkxssc.org
128,Timothy Cantu,Eire,NULL,jdhpaxy7@zqwzu-.com
129,Krystal Anthony,American Samoa,NULL,wkbal.rydlcp@gyh-uy.org
130,Dion Mc Lean,Malawi,NULL,enrh9@rlkybg.org
131,Maurice Bray,Kyrgyzstan,NULL,hgklimfa0@rstm.mtqib-.org
132,Susana Frost,Sri Lanka,NULL,leoqf.xmrtnvalh@xlsa.qleujl.net
133,Freddie Vazquez,Slovenia,NULL,jfpbbllj01@zalijecdt.kkxd-x.net
134,Carla Serrano,Fiji,NULL,nnjhgz@ncqurq.com
135,Taryn Mc Carthy,Denmark,NULL,iccubfmp.nhjmoq@prulxn.com
136,Milton Orr,Costa Rica,NULL,pqjqtg.orjsl@qjtim.ao-cc-.net
137,Candace Holmes,Syria,NULL,veokoqw826@wgzblw.org
138,Alexis Beltran,Guadeloupe,NULL,efygnbjn.vlsnuiwny@wbvsest.aoyesz.com
139,Virginia Cummings,Mayotte,NULL,icvwnh@jmqfyytuh.cniiqi.com
140,Gretchen Berry,Canada,NULL,xgank.ldovozb@ifmvp-.com
141,Micah Dixon,Philippines,NULL,rgiu.fdtkwwd@trmuey.net
142,Quentin Levine,Rwanda,NULL,bxizjwsb.cveot@irvodt.net
143,Mandy Hebert,Belarus,NULL,etdcfh.chwk@h-izba.net
144,Alexander Curtis,Fiji,NULL,fyve.xowdmlfco@mcwbgv.org
145,Dwayne Everett,South Georgia,NULL,mkuffruo1@ksbnktybq.lkgpyb.net
146,Tracey Riddle,Virgin Islands,NULL,coaj.irlrwxpjrr@vpwcibw.iuybvl.com
147,Rosa Ellis,French Guiana,NULL,csabv.thhetpctq@ge-zfy.com
148,Julian Maddox,Monaco,NULL,untjv92@-pwkcv.org
149,Ruth Berger,Uganda,NULL,cpgc3@pcmbndeq.xltiqv.net
150,Renee Perkins,Bangladesh,NULL,nyku.fbkcnllun@jenomlstd.ocsykh.org
151,Jean Spencer,Seychelles,NULL,junryhad2@ymgfqf.com
152,Alvin Carrillo,San Marino,NULL,mratgpxr117@prfgojk.nouqql.net
153,Jacquelyn Conley,Isle of Man,NULL,cxawc@ckymbl.com
154,Sean Kent,Suriname,NULL,arola.cqmely@kjafsikd.mokxlo.com
155,Stephanie Mccoy,Trinidad,NULL,lxqudicb@thsw.ncafrl.com
156,Betty Lowery,Guam,NULL,vxlltq000@gaydin.net
157,Derek Ware,Lesotho,NULL,zgworxlk.lbgil@pbjysg.com
158,Lillian Gibson,Zambia,NULL,vhcdcix.vrowbtqq@poeyqhnt.negyeg.net
159,Amber Parrish,Martinique,NULL,ihtlo@ctnju.m-asqi.com
160,Darrin Davidson,Finland,NULL,oold7@fchjlu.dhkwet.org
161,Gordon Stevenson,Malawi,NULL,txtydofi.excgqyb@hglyae.org
162,Brooke Mills,Slovakia,NULL,ixqqvi37@--ukxf.net
163,Alicia Soto,Aruba,NULL,yrnv9@yrsb-w.com
164,Autumn Guzman,Slovenia,NULL,vjpswid12@avhbpr.com
165,Roberta Colon,Mozambique,NULL,dfjpb010@fcwifbi.nzkqgg.net
166,Kurt Gross,Indonesia,NULL,kake61@vybfjdddv.yzwni-.org
167,Paige Spence,United Kingdom,NULL,utiumfqd.itks@gjiiqhmdl.ykcwv-.org
168,Xavier Dillon,Comoros,NULL,jmuamv.oeubofwui@ynlfdi.com
169,Jennifer Mathews,Nauru,NULL,fztdipx2@nsjt.ijjsni.com
170,Cari Klein,Colombia,NULL,hgzx6@jfuall.com
171,Melissa Pugh,Belize,NULL,gmcc179@dorqeg.org
172,Nick Acevedo,Eritrea,NULL,ylkrozz928@vgwktb.org
173,Abraham Hahn,Mozambique,NULL,egvss.qpulcs@vncfw.tsxakt.com
174,Elisabeth Rose,Uzbekistan,NULL,tnxid882@mjlmvb.laxqwc.net
175,Sandra Trujillo,Aruba,NULL,nxqhfh.gntof@rvefnj.org
176,Christa Leon,Azerbaijan,NULL,fjjysw.fkuqzfzuir@yamdub.org
177,Allison Rollins,United States,NULL,rxfb49@cyilnd.com
178,Faith Farley,Vanuatu,NULL,zlwkxxvc.wedqqbkie@nuayyn.com
179,Sherman Herrera,Grenada,NULL,mniu.uzgzhgeygb@mhhbfz.com
180,Chrystal Olsen,New Caledonia,NULL,lrvly206@jmwbch.net
181,Demond Petersen,Tajikistan,NULL,fpozhs54@ddrceuby.xxomfw.net
182,Alma Guzman,South Korea,NULL,fyxcdl.vefiyspkfh@txjgy.hrzmaw.org
183,Irma Barnett,Gibraltar,NULL,hmjf.vziqwq@iegypdrh.qdpcdd.com
184,Robin Patrick,United Kingdom,NULL,jgckdaai.uptk@cjufcgx.zxtaio.net
185,Patricia Frazier,Qatar,NULL,zmmk.eegqb@swfw.auic-c.org
186,Hugh Welch,Panama,NULL,kggy.iypgxxnheq@etfgam.org
187,Charlotte Yates,Israel,NULL,nxmvmjbz@q-vycp.org
188,Valerie Branch,Vatican City,NULL,rtpt9@cdttum.com
189,Laurie Savage,Guyana,NULL,ttnvny6@yhdkee.com
190,Dina Hatfield,Taiwan,NULL,hsrym.guenwnkl@udev.-nrspj.net
191,Ben Valenzuela,Peru,NULL,oohsd.vbifrloczq@vpjaiz.net
192,Elaine Wright,Taiwan,NULL,dgtxx695@rf-tvy.org
193,Rudy Frazier,Serbia,NULL,mlsc1@nytgbzphk.kkydku.org
194,Shad Armstrong,Finland,NULL,oprfkwyf.qujcxml@zqgkkk.com
195,Vanessa Griffin,Nauru,NULL,nohhh.pominwiw@qqzinmsus.nhcfuv.org
196,Chris Savage,Tonga,NULL,qlgjyz.zdcfrtzk@qj-bom.com
197,Teddy Hancock,Paraguay,NULL,vhkgns.fwuh@temorm.com
198,Carla Harrington,Falklands,NULL,itlae.owtvjdgx@kmuncp.com
199,Sam Pearson,Nigeria,NULL,qpupavbz@nmymqz.org
200,Summer Duffy,Isle of Man,NULL,ivnhuy721@xnep.wxtjah.org
201,Jane Lee,Argentina,NULL,cxoh.obtvcnubo@wuoxpzuw.ccryte.org
202,Irma Huber,Bermuda,NULL,wjlm581@bdvise.org
203,Shirley House,Vanuatu,NULL,rzmxul438@lxef.smsy-k.org
204,Trina Sharp,Russia,NULL,tniuy.qkyjlrb@fnjrdrhqd.lsusya.com
205,Todd Logan,Virgin Islands,NULL,rrspkbnh@xristm.org
206,Candy Myers,Malaysia,NULL,pbgrr.vvrziuqjn@chdwqi.ifujbz.com
207,Pamela Valenzuela,Canada,NULL,blpk@rkizm-.org
208,Kurt Braun,Kiribati,NULL,vkekult@nlltsn.com
209,Sherri Black,Sierra Leone,NULL,ftchr.mkhjija@rubeps.mdp-hf.net
210,Karrie Jimenez,Sri Lanka,NULL,ldhao.nwhzidonyo@bxmdcm.com
211,Alicia Rojas,Indonesia,NULL,damfgt.eczy@gdwpja.net
212,Carl Sweeney,Madagascar,NULL,rmiip.zdnz@mjct.lphwo-.org
213,Alana Ibarra,Nicaragua,NULL,piindn.jzwxdxz@lzsp.utvuoi.com
214,Calvin Frye,Tunisia,NULL,yhgcd.pkmmnc@vloqcydb.yumnri.net
215,Craig Zuniga,Indonesia,NULL,dpbprbu3@fbskoa.-sfvuf.net
216,Anna Dickerson,Panama,NULL,iccxbnfk.qekugnpb@wbb-r-.net
217,Lawrence Aguilar,Lesotho,NULL,wthiux44@arfc.vxfltf.net
218,Alberto Merritt,Bhutan,NULL,rggac665@himiz-.org
219,Stefanie Elliott,Bangladesh,NULL,pefwzcvc.dnoqdrfgkf@jclbpm.com
220,Leslie Odonnell,Tunisia,NULL,msbr0@zkxymkgmr.vcspzb.org
221,Tonia Gordon,Western Sahara,NULL,clxnj.rkmwo@vfkubj.net
222,Fredrick Allen,Virgin Islands,NULL,fpygp.cbpws@blafcv.org
223,Kerrie Hahn,Slovakia,NULL,pcqgh198@ehobb-.net
224,Jeff Munoz,Russia,NULL,khrxqxd.wgbsl@pilgww.com
225,Clayton Roach,Kyrgyzstan,NULL,vpsuxydc.jikspj@kdpvquit.sopknr.net
226,Frank Norman,NULL,NULL,afjbvsdd649@yqllk-.net
227,Ismael Aguilar,Czech Republic,NULL,mdmk.gvqtqpez@llrqrr.ozlrua.org
228,Rick Shah,Kyrgyzstan,NULL,bbgwyjh.thbrg@zlwa.ihguux.com
229,Jodi Choi,Greece,NULL,qmtjmpny218@jpqhuo.net
230,Jessica Colon,Greece,NULL,ffhsszc85@nrfrqzwf.xcnkwd.org
231,Sherrie Castillo,Burundi,NULL,rmxdo889@vghpqxylq.pvdoid.org
232,Maria Stuart,Guinea,NULL,dxzvfbh@uvawau.com
233,Hollie Espinoza,Niue,NULL,yvzf.nxcz@arnucd.net
234,Mandi Bray,Gabon,NULL,ghmyllvh.ctsi@ergvrdf.yszbhf.net
235,Desiree Jenkins,Tunisia,NULL,vopq721@dxfcslb.kxcjbb.org
236,Ben Hopkins,Montenegro,NULL,smtzifey5@wzrluchsp.qgphzr.org
237,Albert Key,NULL,NULL,oczcul972@wylnyk.net
238,Clayton Hancock,Samoa,NULL,azhcfcs.egyg@euegdtdpk.fthcta.org
239,Dion Cowan,Syria,NULL,eocszoi.anbatvxh@dvnvjw.com
240,Sonya Abbott,Mexico,NULL,ijpd@lxlvpy.com
241,Jo Price,Vanuatu,NULL,dbjpnx@ckqstvnp.esxkbh.com
242,Jami Gonzales,Costa Rica,NULL,zvydggc.nwmkyudu@lteqh-.net
243,Clayton Brandt,Malaysia,NULL,tfqhhwn018@zkiqcp.yupezd.com
244,Elton Bell,Vatican City,NULL,eqchw6@qwmubp.dytuhr.net
245,Dewayne Waller,Cape Verde,NULL,cvlbcis.vlcohf@bbmsu.szcuex.net
246,Lara Barber,Malawi,NULL,yeyu612@uypnmx.net
247,Yvonne Bates,Kyrgyzstan,NULL,bgqlqhr.ynmzrzmxpn@bxtos-.org
248,Amy Payne,Comoros,NULL,mqxmqypi.mvipftlz@dqxk.wyiwwy.org
249,Willie Harrell,Denmark,NULL,qoiqaj.edhaxbnr@sxgywsnmu.flxiej.net
250,Chasity Velazquez,Syria,NULL,xdlqjpzm.dulrvsfj@spcnp.csfyvm.com
251,Blanca Kirk,Tajikistan,NULL,uxscoq.ceizooqe@eahha.-plger.com
252,Sophia Lozano,Uganda,NULL,lyxya@hmyepd.com
253,Harry Wu,Isle of Man,NULL,cuajifmw.zeselqsoqr@aaohzu.org
254,Krista Collier,Monaco,NULL,klxed.gctkbfb@-cbgla.com
255,Toby Todd,Cook Islands,NULL,kysy.fsuc@fmandl.com
256,Sharon Lopez,Russia,NULL,gqxa387@iw-udd.com
257,Jamal Krueger,Japan,NULL,dnsgdk405@pqqtassqr.z-wgrf.net
258,Emily Hardy,Azerbaijan,NULL,jpzi3@yzutdq.org
259,Eugene Ayala,Gabon,NULL,fkadl.ldsgg@yueena.gbifbt.net
260,Quentin Obrien,Croatia,NULL,pvjr.wrtxuew@enmjb.pzcdlz.org
261,Damion Barr,Falklands,NULL,xjbdp.wppd@lgtwkzhfs.jqv-wf.com
262,Lea Watson,Rwanda,NULL,moavotah.hxwf@dsjhaz.org
263,Alex Padilla,Azerbaijan,NULL,etqmtn1@mapszv.org
264,Dexter Wright,South Korea,NULL,ixuserw.veznonqvc@exquhn.com
265,Seth Marks,Bulgaria,NULL,oakl.rpjamv@wuxpdy.com
266,Donna Obrien,Nicaragua,NULL,NULL
267,Maureen Mc Dowell,NULL,NULL,xwip29@fyhdlt.uwyguq.net
268,Christine Randall,Latvia,NULL,obvxs3@ncirfh.com
269,Kristen Contreras,Réunion,NULL,vpyksj3@rcgpzm.kbsfrp.com
270,Camille Snyder,Djibouti,NULL,xprdqqwf.rdimscbkty@njewwhwp.itrlox.org
271,Micheal Yates,Réunion,NULL,zuwlnh936@wszqbhzt.piedij.com
272,Jeannie Sloan,Germany,NULL,dewyudev889@lpl-sv.com
273,Lillian Eaton,Nepal,NULL,fsffn99@hkhi.ouuaed.net
274,Spencer O'Connell,South Georgia,NULL,sbto.xfpoqgoy@rcvjzp.net
275,Donnie Rasmussen,Trinidad,NULL,hjmxallb.mmnucpnt@qbnpde.com
276,Robert Snyder,Cameroon,NULL,ipwcfpgm.edconelecx@wgyzmfww.vajtdm.com
277,Tyrone Eaton,Tajikistan,NULL,xnpsmoo.piezcmabsq@caqahjbs.iraydi.com
278,Karl Santos,Haiti,NULL,jrkfkq.tsojsl@-umzre.org
279,Susan Ryan,Andorra,NULL,bhgqcb.pniyuaskci@mjbwvv.net
280,Tracy O'Neill,Slovenia,NULL,wmwemxe86@ktdcxk.org
281,Anitra Barnes,Fiji,NULL,cwjqozrf@ohcrdmwwq.fswwap.net
282,Susan Mc Intyre,Fiji,NULL,xkxit.oyymxaa@gernzl.dkbqqu.net
283,Dora Whitehead,French Guiana,NULL,bhpy.fnnepoxjt@jhqxyj.net
284,Lillian House,Zimbabwe,NULL,vtwrzw.blplcmhar@kwrusdl.la-cwv.com
285,Billie Hurley,Montenegro,NULL,njwnhviw.ncxaqgtakp@ennp.e-gspq.com
286,Tabatha Zuniga,Jersey,NULL,rvqbo.wopji@ujwlwxp.h-rocv.com
287,Isaac Kaufman,India,NULL,xlnhzkd.bjbqx@vugxweun.mmpjzk.net
288,Cecil Raymond,Portugal,NULL,erxvelj@nnnjvj.net
289,Wayne Hernandez,San Marino,NULL,psntrad@wpjulf.org
290,Camille Whitehead,Kyrgyzstan,NULL,riwrzp.pycu@cjnqyfub.kshrec.net
291,Dominick Koch,Malvinas,NULL,eoycasbn0@vsoqma.org
292,Phillip Rush,Kyrgyzstan,NULL,hbrpj@tvvvye.org
293,Cathy Burch,Malaysia,NULL,bqmdunto9@sbmhwn.org
294,Floyd Singh,Kuwait,NULL,rhcwfy6@mnkktr.com
295,Dianna Keller,Nigeria,NULL,xbyvyy.tjocrvrkjk@onwssm.mgrtpi.org
296,Monte Mc Dowell,Gabon,NULL,ksldyiy18@w-aijx.net
297,Oliver Mc Bride,Croatia,NULL,efdmrjt9@lfsxgi.org
298,Jay Walter,Bulgaria,NULL,aooxq.hqkflb@lhqfye.com
299,Cassandra Hendrix,Peru,NULL,gcefp006@qrgwctl.ergpma.org
300,Candace Carlson,South Georgia,NULL,qchlpw@aamietu.pvbude.net
301,Seth Ferguson,Lithuania,NULL,nounsobo@utik.sskyxm.com
302,Abel Reynolds,Australia,NULL,ylkn.bsoj@yqlyxv.org
303,Ethan Banks,Puerto Rico,NULL,yuvmrkk.bpagstcq@aidfkn.lafmaa.org
304,Bobbi Mercado,Uruguay,NULL,xdqxvlno7@fxihve.org
305,Victoria Liu,Lebanon,NULL,uolzgyih.otcu@sfemtt.net
306,Shane Case,Mauritania,NULL,uqfew811@eyoneh.me-qlg.net
307,Clarence Heath,Eire,NULL,pzrhaw.psekqtrqy@huqrhl.org
308,Marcie Leon,Benin,NULL,ltztxzp.kwcs@zuawy.njrueo.net
309,Tina Davies,Lithuania,NULL,hjuw.lqyhkadv@ojxbrxipf.xigyrk.net
310,Terence Pratt,Japan,NULL,obbgb38@yqsdpf.net
311,Yvette Gallegos,Germany,NULL,tgkbf.lcjzpzekg@iiutjapdh.ddrrvt.org
312,Bryan Cooke,Guyana,NULL,ezwpvq@mtfm-n.net
313,Leticia Rasmussen,Isle of Man,NULL,waxkmb29@teczbe.org
314,Jorge Raymond,Eire,NULL,meojd5@dcthxa.com
315,Moses Valentine,Andorra,NULL,mugkj53@gkujfb.kmf-kv.net
316,Harvey Griffin,Uganda,NULL,unnlib73@uibobjxih.togdq-.com
317,Clifford Maddox,Western Sahara,NULL,jloulu@vabzsz.net
318,Sarah Wheeler,Rwanda,NULL,msyaxnhk.edlk@-am-xg.com
319,Alonzo Moore,Kiribati,NULL,linfguvh5@imam--.org
320,Deborah Pena,Hungary,NULL,udkgw.mxefgv@-bdycx.net
321,Diana Haney,Qatar,NULL,vatr.nwgijqf@kwdu.ijnrtx.org
322,Adriana Meyers,Uganda,NULL,wbzwyh.dhdakiyxl@ycsb-c.com
323,Diana Zavala,Paraguay,NULL,llbxql@nsxmsho.tzakqf.net
324,Alexandra Mc Carthy,Estonia,NULL,chdzzt@bknph.toyglk.com
325,Ann Li,Oman,NULL,oajnla.ccjvw@uhdixge.drsrah.com
326,Carol Eaton,Estonia,NULL,qwskzkxi@kglmofdz.bneime.net
327,Randolph Finley,Saudi Arabia,NULL,NULL
328,Paige Fernandez,Cape Verde,NULL,itnpb.dujk@fxaxc.ffcvcn.net
329,Lena Rosales,Cape Verde,NULL,jmbmfb.gssin@tvtonx.com
330,Clarence Waters,Mozambique,NULL,mkgplfx315@xeiejr.org
331,Derek Smith,Uruguay,NULL,uksyjakz7@cymepi.qyixqz.net
332,Raul Klein,Russia,NULL,ginyxh.wnvx@dnwjdu.org
333,Becky Alexander,North Korea,NULL,avia.avhkb@vcujgm.org
334,Kerrie Vasquez,Costa Rica,NULL,qtlhpu.hveijhrpwt@afkvdh.org
335,Lauren Taylor,Georgia,NULL,czxhfh879@tzoxnkol.nntenj.org
336,Harold Zhang,Denmark,NULL,dglky@axpsdu.net
337,Debra Coffey,Malvinas,NULL,hgwyr.zyljo@-tgorp.net
338,Wanda Gutierrez,Guadeloupe,NULL,rqbj8@tbogdlr.hrl-wo.org
339,Ethan Howard,Luxembourg,NULL,iwwlpdcx2@pcclbp.com
340,Joanna Ellis,Antarctica,NULL,nxiqdj.uubtgauz@pzrtn.ucrnhn.net
341,Ira Robles,Cook Islands,NULL,usvz.mtdos@dapidl.com
342,Tanisha Quinn,Gabon,NULL,nutjdvzr201@evkfgv.net
343,Harvey Mc Guire,Czech Republic,NULL,btaqccfd92@pjylbs.com
344,Latonya Mc Millan,Grenada,NULL,ubfnkn.besrrqcfx@xcodrp.org
345,Micheal Case,Cape Verde,NULL,agutcop.korr@juog.zhtomn.com
346,Ron Glover,Colombia,NULL,fxoxhhs.kpdcrcujy@gdjcjs.org
347,Shelley Green,Australia,NULL,nggox@qjjr.ciybhh.org
348,Claudia Reed,Finland,NULL,foad545@zl-cae.net
349,Chad Sampson,Jordan,NULL,axso@aegkxmnas.udsokb.net
350,Christa Downs,Qatar,NULL,sldfxxm050@szlggc.org
351,Melody Casey,Germany,NULL,yzlmkr46@cyyvgi.net
352,Sherman Williamson,Jordan,NULL,imnssn1@rdfnd.kmufso.net
353,Darren Winters,Niue,NULL,zdubqax1@ttxflii.arykua.net
354,Claude Moyer,Germany,NULL,dgpx.sjrsmexm@brarppukg.fhejfo.org
355,Gustavo Rivera,Belarus,NULL,bkpnvian.wdwpf@b-dgol.org
356,Rose Roman,Micronesia,NULL,mekeh@jbknvr.com
357,Clifford Spence,Guatemala,NULL,abochqch597@kwhdph.org
358,Duane Galloway,Kiribati,NULL,ydzecmu51@pnfnhx.org
359,Wanda Blair,Ethiopia,NULL,jzcxdar.auttqyh@vfxe.pzouhb.com
360,Shirley Martinez,Czech Republic,NULL,kzaoewh.dtvnkuq@ybhbaj.org
361,Dominic Haynes,Senegal,NULL,nxofik.jttbul@icejyffyv.dn-hyp.com
362,Pedro Case,Barbados,NULL,jjkgu@-wyumx.org
363,Kate Odom,United Kingdom,NULL,ygvph.kpgjsa@qdauqb.org
364,Erika De Leon,Thailand,NULL,ldef@pso-jo.org
365,Clarence Le,Lesotho,NULL,rtwfcoda2@cqqqkj.com
366,Tera Shaffer,Mauritania,NULL,nonqotzl.cdacw@txzezipig.byiyeo.net
367,Donna Mc Knight,Panama,NULL,fipnudok.mkatlprmm@eyhhgw.com
368,Tracy Blackburn,Denmark,NULL,uwobyq.gcvqojk@khmths.org
369,Randolph Sutton,United Kingdom,NULL,qakhfngb.ixjccockj@yvnklv.com
370,Eduardo Ingram,Sierra Leone,NULL,rmdlbiqm555@aymiex.com
371,Tania Mc Guire,Honduras,NULL,jmsr@rr-grd.com
372,Dora Barry,New Caledonia,NULL,umcxjub.qmmzmjcb@ziqkpi.org
373,Harry Burns,Ecuador,NULL,wohn.eosvtno@hokj.dixfai.com
374,Kareem Hill,Italy,NULL,dbmn@bcoavyqhh.foiive.org
375,Rita Ponce,Costa Rica,NULL,tnrbmo463@sgvgmvi.fspyyc.net
376,Andres Duffy,Japan,NULL,ufhnm4@azpmzy.rnhnbi.com
377,Fernando Clark,Peru,NULL,rmvac.cpqlbsyo@ewuiht.net
378,Michele Wise,Guinea-Bissau,NULL,whppb.xvvqv@cpwz.nxjsyr.org
379,Gilberto Dickson,Benin,NULL,noii.jffunoypdw@vwht.liyetm.com
380,Allan Crawford,Liechtenstein,NULL,ywuji.xscsxvj@yunq.wiptiw.net
381,Wendell Stein,Croatia,NULL,wpsrd.egvjpa@owkcx.gzzxpa.com
382,Micah Turner,Liberia,NULL,pyqndwna7@ryda-t.com
383,Lisa Barker,Philippines,NULL,xztcspqs.neaqwsc@fnqshc.com
384,Norma Preston,Italy,NULL,avxqhx9@jfwhmc.org
385,Trisha Park,Gabon,NULL,sbcly3@fl-i-p.net
386,William Griffin,Libya,NULL,xfgx.vrnz@dpbnrnxj.ntnnks.com
387,Karla Calhoun,Bangladesh,NULL,bfhmqga@qgpoajdr.mrnrlx.com
388,Anita Wong,Guernsey,NULL,tjmdkh@niaex.rtqydm.org
389,Edward Prince,Benin,NULL,baxjspz.opkq@zcvyqqij.uczsgk.org
390,Rose Wheeler,Puerto Rico,NULL,febjkcb7@omtpnrv.onrsqo.com
391,Cari Andersen,Taiwan,NULL,pgllgj08@tlxvww.net
392,Trisha Romero,Barbados,NULL,jkfopyr.isvnmwm@gfhiprdvp.pwwtuh.org
393,Jonathon Cooper,Bahamas,NULL,bwvhrnz.tngqlnvqoa@nluip.ply-eh.com
394,Allison Rodriguez,French Guiana,NULL,lfyntix.iimejbdg@kolbycmjf.rgzzaa.com
395,Austin Burch,El Salvador,NULL,agsxz01@kuuxdf.net
396,Melisa Benton,Benin,NULL,eakgzsjr41@lfakmpj.yzpauj.net
397,Derek Burns,Guernsey,NULL,usfalsq.fqklq@zzjoxt.net
398,Nancy Anthony,Greece,NULL,rpbkrxy.qotxg@o-rgzy.org
399,Russell Lyons,NULL,NULL,jvcuajm@wqeivg.com
400,Patrick Rich,Sudan,NULL,vbwxs9@mgsmta.net
401,Julie Marshall,Montenegro,NULL,dyke.xxccj@zhhgfm.net
402,Benny Velasquez,Lebanon,NULL,ujjpzms.xdmaesfq@zuxnpd.org
403,Lynn Cain,South Korea,NULL,zkenox50@hegsef.org
404,Alberto O'Connell,Guadeloupe,NULL,vpcr.yowvtku@eejpon.net
405,Judith Hester,Nicaragua,NULL,ebbsunei@kinvc.xmsgds.com
406,Becky Le,Guernsey,NULL,cnvqqh86@darmjk.com
407,Sheryl Johns,North Korea,NULL,jxronpr98@ilqmtjb.zkxeju.net
408,Walter Livingston,Croatia,NULL,fxsh182@qtyzshjwq.-pbipj.com
409,Betsy Andrade,Ecuador,NULL,idvvm102@ufqikxal.x-yete.org
410,Ross Reynolds,Bhutan,NULL,ymssd.fvgs@gcqjfu.net
411,Irma Patton,New Zealand,NULL,ysiao867@nbtmn.fqcprh.com
412,Toni Merritt,Syria,NULL,qwhun80@ronwhe.com
413,Lorie Terry,Western Sahara,NULL,hbfke.phqiaa@ufovep.com
414,Carol Duke,Guinea,NULL,bycvc.vkdqe@lcxxua.org
415,Jenifer Ruiz,Samoa,NULL,ujcpt.jibxj@bbmxnvy.kkijul.net
416,Cedric Garrison,Algeria,NULL,viljett@avogfgabw.xnktxy.net
417,Terence Medina,France,NULL,jvhmagp.hihzz@xbwde.tj-wxu.org
418,Ismael Lopez,Haiti,NULL,gubgo@grfmss.com
419,Rudy Bell,Luxembourg,NULL,yervwc.gcwmdjuyda@tjzyif.com
420,Suzanne Watkins,Monaco,NULL,xparkl.juksne@xbryxijs.irnesl.com
421,Marcia Mc Knight,Zambia,NULL,ceqbfb.eoipwspc@goqnof.org
422,Guillermo Benjamin,Latvia,NULL,bulkqi.lzqesazot@chqbkl.net
423,Alex Simon,Grenada,NULL,avopkusz.tyzu@olnhgp.org
424,Joey Noble,Bolivia,NULL,vfefk.zydu@kgka.apzvai.com
425,Anitra Zhang,Cuba,NULL,nzxjylt.fpnog@zwzgje.org
426,Luz Bolton,Tuvalu,NULL,hfonuzev.eabofjqdpb@lvqevd.com
427,Monica Molina,French Guiana,NULL,zhutcsx@uzmays.com
428,Victoria Armstrong,Mayotte,NULL,qqhpd@wpdzlc.org
429,Ericka Moon,Uruguay,NULL,fhmm18@nztsmknst.rqkgyd.com
430,Sonia Le,China,NULL,qaivkes@gcucihuz.csmtjj.org
431,Kim Mcfarland,Belarus,NULL,wfoibv@noz-lh.com
432,Marci Pierce,Bangladesh,NULL,pxocad295@-zdosp.net
433,Tania Richmond,Haiti,NULL,hqcqpgke12@g-tejc.net
434,Guy Mata,Macedonia,NULL,glcgoo.tsrihgl@xubdqkj.dsdvne.net
435,Annie Gamble,Liechtenstein,NULL,skrnisv4@pnaohu.iukpat.net
436,Jodie Peterson,American Samoa,NULL,wrpgmyz.uybf@mdyuyq.net
437,Wallace Foster,Haiti,NULL,otsjoh.tqizrb@ppye.hshkbx.com
438,Jessie Leon,Cameroon,NULL,ytsecanu.hcdelwz@xzfjsnu.-jylii.com
439,Jared Young,Austria,NULL,wquo@eqbr.glk-lo.org
440,Hugh Armstrong,Bahamas,NULL,kzqiu69@pjnedm.com
441,Christine Burch,Nauru,NULL,ugebmdcs.lxukcmq@ghvjfsib.sfgn-k.org
442,Grant Bailey,French Guiana,NULL,fxeert509@boagewzw.icbhzs.org
443,Carla Shields,Sri Lanka,NULL,wjcp9@nkgqrj.mrqfgv.com
444,Terrence Dorsey,Ecuador,NULL,qfobcju.repc@vadpio.com
445,Neal Mann,Kenya,NULL,rugviba.ttzbexzfts@nttu.vdbffu.org
446,Tammi Gillespie,Sweden,NULL,xhwn8@wissrefkp.fic-l-.com
447,Stacy Bennett,Thailand,NULL,vmunzze1@amyjxk.org
448,Emily Poole,Portugal,NULL,eaxvqyto.kmalaoiij@knbshu.net
449,Kevin Aguirre,Gabon,NULL,tdayhbv.wbfq@sfhqmkb.biptmu.org
450,Tanisha Hess,Fiji,NULL,dzeacjo.eyjminyy@madhaso.pqhivw.com
451,Alma Frye,Venezuela,NULL,fllh5@lrcturuj.ph-sdh.com
452,Demond Robertson,Puerto Rico,NULL,ycbvdm.imnvbvnw@ameuzn.lfexmg.org
453,Antonio Navarro,Sudan,NULL,xtlfl134@nhuudsph.fcbnvr.org
454,Bryce Lucero,Réunion,NULL,nuelc065@jviv.ldlktu.net
455,Darryl Lester,Swaziland,NULL,srpj.qyjvsz@crslci.com
456,Wanda Elliott,Botswana,NULL,kvhhj.itzmp@mszypxz.pvk--t.net
457,Alexis Browning,Burundi,NULL,rijahuc110@nfbqf.ldtnri.org
458,Peggy Odom,Pitcairn,NULL,vjmzqm232@psltyz.net
459,Alice Frederick,Bulgaria,NULL,fzjoqvm.jxpqo@dkojiz.net
460,Roxanne Eaton,Puerto Rico,NULL,nlwlhu.idqkdlzq@kzhcza.net
461,Peter Juarez,Austria,NULL,pmkm.gybfyaibq@lymmtl.net
462,Mandy Lowery,Belize,NULL,uotdkl.lfgavf@ejtsugjju.mbiiv-.com
463,Jess Trujillo,El Salvador,NULL,esnv.clxvj@goiijr.org
464,Clinton Henry,Azerbaijan,NULL,oejio.gcjgo@qphrzo.com
465,Orlando Carlson,Angola,NULL,nzgjgna.igdpndm@kfum.zofxs-.net
466,Rafael Walters,Mauritius,NULL,qlfrk612@yitl.mvoced.com
467,Andrew Conrad,Liberia,NULL,whuzqhyt.skwtky@ysoervut.ecokgq.com
468,Linda Santana,Kiribati,NULL,ujspyd70@tkpzafvn.pzdwat.com
469,Kenya Walter,Swaziland,NULL,ekthgppl.ojwy@llunok.org
470,Kate Sandoval,Russia,NULL,bvfk.xkohoq@nvankfhdv.ekjoyb.com
471,Clint Kane,Netherlands,NULL,ixfkk@dvokcl.com
472,Phillip Brewer,Burkina Faso,NULL,znba.xzoecii@vuijuck.pmcbhg.org
473,Latisha Rosales,Germany,NULL,yyqznktm48@ptsj.pubqvo.net
474,Demetrius Newton,Japan,NULL,mtlpsh374@av-mqo.net
475,Elizabeth Gill,Vanuatu,NULL,ykkzo.witkuygsy@nxsf-f.com
476,Sheldon Benson,Panama,NULL,pzbdeay.jbpervg@bdmu.aty-wa.net
477,Tia Burch,Netherlands,NULL,eogbive.whsjxdow@fbehvuv.jfzaqw.net
478,Adrienne Livingston,Belgium,NULL,NULL
479,Andy Krause,Nigeria,NULL,bxqm@gfbteq.ctpmh-.org
480,Olga Hart,Guam,NULL,gmuuik.vkabqg@irm-ps.org
481,Sidney Camacho,Anguilla,NULL,twwh68@j-qbaf.com
482,Darrick Goodwin,NULL,NULL,fidptw1@fvmjy-.com
483,Juan Patel,Mayotte,NULL,npmteg@gpfoan.net
484,Alberto Koch,Ethiopia,NULL,dczel@qwqsbp.yytozi.com
485,Teresa Ross,North Korea,NULL,ogwagruz.xjoiegtus@yqe-np.org
486,Loren Fleming,Croatia,NULL,etvnz.jzcxvxane@qunveqbbp.qzsase.com
487,Kirk Garza,Guernsey,NULL,bvpszw.uscxdb@zgfiod.com
488,Tabitha Ibarra,Dominica,NULL,aqrz@packo.vqalvi.net
489,Brandi Sawyer,Netherlands,NULL,lpfjb@xjrr.euizoj.org
490,Eddie Atkinson,Nigeria,NULL,zjvcmqhc931@atssm.eaxelk.org
491,Larry Weiss,Honduras,NULL,wuoiiqvo.iuuo@iedai.wrvyth.net
492,Heidi Holland,Taiwan,NULL,zecy30@zlttjs.com
493,Raquel Robinson,Nigeria,NULL,uexhi@xmjwmp.org
494,Kelly Skinner,Andorra,NULL,dsvc.gisbvmch@entzrw.cvjlnl.com
495,Ashley Williamson,Greenland,NULL,wrvgan.vqzq@evqk.szwbfg.net
496,Jared Lucas,Albania,NULL,gowsw9@acbqqx.com
497,Belinda Fox,Malawi,NULL,guero.svmzoozev@zxdmnzjn.grahzt.com
498,Kristen Garza,Antarctica,NULL,anozaodh270@jiylot.org
499,Stacie Nolan,San Marino,NULL,ibhwaudz.yehshyizek@tmikrz.org
500,Rhonda Rocha,Cyprus,NULL,yguigys.nzaltdtysb@powedg.net
501,Dan Rich,Thailand,NULL,pceynb.yljgqwrk@-jolzy.org
502,Melanie Peters,Guinea-Bissau,NULL,jrxdbrze.ucyskjzg@mtxlgl.org
503,Todd Chen,Israel,NULL,yddgwis83@ligpvu.org
504,Roger Pennington,Switzerland,NULL,fmsg6@vojofi.org
505,Jeffery Guerra,Malvinas,NULL,fpajxe.mbkqvmsykt@-nqbha.net
506,Sidney Guerrero,Netherlands,NULL,hrfaa1@ihwfwq.bpjxld.com
507,Misty Acosta,South Korea,NULL,wnryx@suvjqtwnp.kjnur-.net
508,Melissa Madden,Isle of Man,NULL,lqxvntj9@nldunbv.kwmjvi.org
509,Vernon Hinton,Indonesia,NULL,itzyavl.whbanfyhf@htgq.-uocnz.org
510,Stephanie Parks,Saudi Arabia,NULL,cvuyh0@qutuyq.com
511,Travis Hunt,Canada,NULL,qbczpmit846@jyrkzz.net
512,Scott Mc Cormick,Lebanon,NULL,yscpwl@kicobf.org
513,Tonia Glover,Armenia,NULL,ojred@wffpcv.com
514,Rebecca Soto,Aruba,NULL,hmwmiuez.ozvwldjkl@obvdbi.com
515,Dora Wyatt,Senegal,NULL,yhnrl.kdgpm@ugrnaucf.jmisja.org
516,Valerie Nash,Panama,NULL,kohzyai772@lpihp.nivosn.org
517,Martin Powell,Liberia,NULL,bcjjvaey.wfjdzbjyo@tjblur.org
518,Seth Carson,South Georgia,NULL,sgjye@ldqmsbk.cjiueu.net
519,Clint Blackwell,Moldova,NULL,birgxa210@evasamkx.airarg.net
520,Trisha Dennis,Sweden,NULL,mljk204@ognax.yoiadg.com
521,Hollie Norton,Niue,NULL,mgipw336@wbvsqp.org
522,Damon Thomas,Greenland,NULL,jjoht.skwie@ptymoc.net
523,Nikki Gibbs,Swaziland,NULL,xvmugvtp2@cr-vxo.com
524,Dianna Barnett,Sierra Leone,NULL,mjki07@xwfltvysx.uksxvn.com
525,Charlie Arellano,Kyrgyzstan,NULL,xqrojekl13@goib-r.net
526,Kari Miranda,Taiwan,NULL,xfrlebqn0@niin.ahtlon.org
527,Randy Nash,Virgin Islands,NULL,eens.cstmx@huo-pi.net
528,Eddie Roach,Bhutan,NULL,tgbp6@qdefxmz.aexdtv.com
529,Terrell Berry,Western Sahara,NULL,atnflz0@mdme.ggvutu.com
530,Stanley Matthews,Jamaica,NULL,pgodttz0@de-ryp.org
531,Julian Golden,Italy,NULL,omqobm.apvfifq@aviknvc.gfbgdw.org
532,Shana De Leon,NULL,NULL,xtdpz84@fuozpugxu.b-qnat.org
533,Mindy Friedman,Niger,NULL,fvtrn45@olyd.xsrgmm.net
534,Christine Miller,Sweden,NULL,kxvt930@ohogencf.zfhdxv.com
535,Lorena Floyd,Tajikistan,NULL,byhsyvg.sanmqnj@mjlntj.org
536,Jonathan Russell,San Marino,NULL,zeprvqmq756@qpvcrjjs.nhhfvn.org
537,Corey Simon,Western Sahara,NULL,lxwc@awjloa.net
538,Adriana Todd,Montserrat,NULL,cvyxipsq1@ftswwd.net
539,Raquel Brooks,Paraguay,NULL,epszs.zgjmjhd@hpvefq.ti-ubr.com
540,Luke Herring,Poland,NULL,wfkxg@eqffqc.org
541,Eduardo Terry,Anguilla,NULL,tcpgioko@vkhqqp.org
542,Fred Pope,Haiti,NULL,ftki@jdbfys.org
543,Alfred Dougherty,United Kingdom,NULL,aloraj38@ippbz.w-rffl.com
544,Kenneth Bryant,South Georgia,NULL,eawj.csqeblvwsd@uefuna.org
545,Gina Clark,Sweden,NULL,vhxtf110@eyrq.kzni-h.com
546,Christina Marks,Lithuania,NULL,dqiojmu@vxzzi.rrrzyv.com
547,Rachael Ramsey,Timor-Leste,NULL,wccsj.imbl@unpxdq.net
548,Lora Hartman,South Korea,NULL,blzfs8@uuynjsjq.umjxnm.org
549,Misty Parker,Morocco,NULL,dbcu8@bmqnil.org
550,Ben Krause,Dominica,NULL,qzrh@ebgrnl.net
551,Roger Nichols,Nepal,NULL,lmuej.dtsqwzylb@xnjpzeogz.nccpuy.org
552,Stephen English,Macao,NULL,rana.nlhqogr@noejwn.pcppoq.com
553,Clayton Klein,Peru,NULL,bawokdnw.boxxr@hppapo.org
554,Jeanine Rivas,Kazakhstan,NULL,akkkfzx.pokdvjasn@ztrlwt.org
555,Alex Potter,Tunisia,NULL,zzllqfjt48@qidit.foib-k.com
556,Leticia Hogan,Malvinas,NULL,synltxw179@xfbtqh.ihnztt.com
557,Fredrick Sanchez,Martinique,NULL,ikfvc900@jezp.aqrcag.net
558,Carey Pena,Luxembourg,NULL,eiqzladl.sncjp@arjksd.org
559,Darlene Waller,Nauru,NULL,esds.dlsyroyob@tjhctsb.v-ojrl.org
560,Natalie Harrington,Iceland,NULL,bhiasdo.jkxejmqgaz@vk-atq.org
561,Victoria Hampton,North Korea,NULL,bbmngw1@vr-jgd.net
562,Caroline Shields,Nigeria,NULL,nydqmi839@hazhyi.net
563,Debra Farmer,Pitcairn,NULL,gxdjkz@xyesp.j-e-qi.com
564,Vickie Lutz,Jamaica,NULL,sdnqbbiu.hbzhcjxkvp@hpmbyyewv.lzqgks.net
565,Danny Bartlett,Vietnam,NULL,kcbdknyc.dgnwd@ydzbjq.org
566,Katrina York,Guam,NULL,kqaqvyep.yzdezcvzi@ipwzlm.com
567,Candace Ellison,Libya,NULL,xamay@cxzqrr.org
568,Janette Griffin,Myanmar,NULL,ruexg26@eqjlpvyem.edbdjw.com
569,Evan Manning,Chile,NULL,xrxrh.kxqpe@ywtutl.com
570,Mark Frederick,Fiji,NULL,tnst0@nvlsjc.com
571,Shanna Alexander,Sierra Leone,NULL,oseyioh@lodzkcxj.nhches.org
572,Kenny Tapia,Belgium,NULL,hpothle.xlzkppkwh@wbqmtmv.owsoly.net
573,Shelley Bauer,Seychelles,NULL,qmecyff45@slxkrl.org
574,Krystal Bradshaw,Benin,NULL,cauq.iewnlshtj@mrvlzixw.wkvdtl.com
575,Hilary Gibbs,Martinique,NULL,omjmzax8@lycuffuk.crwtlh.net
576,Billy Hansen,Lesotho,NULL,stzcyfw.mrxli@rayib.orfvku.com
577,Dorothy Schultz,Portugal,NULL,nrasy157@msdmbufcc.jngteh.net
578,Jonathon Osborne,Liechtenstein,NULL,vbgayzxs65@c-lvot.net
579,Bernard Perez,Zambia,NULL,plqdh19@kxcult.org
580,Dante Yang,French Guiana,NULL,ijxlpx22@ciemu.vrkgej.net
581,Marisa Ward,Mexico,NULL,dhzgzcl26@fcaexo.org
582,Clinton Keith,Argentina,NULL,csqzcxle563@k-gfhy.net
583,Alejandro Harrington,Guinea-Bissau,NULL,vvip.chutbaoi@eazj.djrlfp.org
584,Jenny Nielsen,Tajikistan,NULL,itgeu.tivuzxtwi@btibhy.com
585,Johnathan Everett,Guatemala,NULL,rlqd8@zuwuma.org
586,Shannon Shaw,Turkey,NULL,eeke3@nkgglh.com
587,Rachel Li,Portugal,NULL,etce022@wnoref.org
588,Felicia Reyes,Croatia,NULL,drgxg14@nlfwiicr.chycpw.net
589,Nancy Mata,Uruguay,NULL,ztcaion@uawqwb.com
590,Mark Taylor,Greece,NULL,rrgjcolq.chkob@hefxr.jlgwqf.net
591,Allen Ochoa,Cyprus,NULL,bguessjz@mvnkf-.com
592,Shari Snyder,Kyrgyzstan,NULL,pxee.wxwrvkdrbb@imhgri.net
593,Jerrod Woods,Virgin Islands,NULL,coyw.psldbp@vldubo.vuluwq.org
594,Latanya Powell,Georgia,NULL,iguga90@ukfxaaesr.dxhjif.net
595,Carl Mc Cormick,Armenia,NULL,btzlcd.jeqmmdtwt@wltsym.cimwrt.com
596,Darin Johns,Guinea-Bissau,NULL,yhejib.racej@lqepwahba.h-otml.net
597,Bridget Welch,Nigeria,NULL,zemr@sbswgj.org
598,Bryon Stafford,Lithuania,NULL,bfndsmq390@engh.vqsfga.net
599,Dianna Rivera,Swaziland,NULL,fjerxxj.zsenognz@ltydp-.org
600,Lea Shaffer,Luxembourg,NULL,oizfcse@bdafwo.com
601,Abigail Espinoza,Albania,NULL,whjfgknn.eoqxqujit@ibjngu.com
602,Julie Camacho,Falklands,NULL,nbqcydy775@eslben.wouxpn.org
603,George Leblanc,Niue,NULL,rzqe154@rpgoz-.org
604,Lillian Wheeler,Greece,NULL,yrbfp.qnveiptelt@bozdajl.qpzvxi.net
605,Eli Koch,Jamaica,NULL,hquaibk.gkexl@uofdyn.org
606,Kerry Hess,Mali,NULL,ezma.hyum@zdbzch.com
607,Guadalupe Kelley,Poland,NULL,yhyft316@oyvjo.dszlik.com
608,Gloria Serrano,Montenegro,NULL,wqmfaqch.ahgj@vcdbf-.org
609,Damien Galvan,Timor-Leste,NULL,kteru@tgjvxq.net
610,Bonnie Andersen,Italy,NULL,hbyjh@qffluv.com
611,Arlene Mitchell,South Africa,NULL,ugmlm@ncodxl.lyyijc.com
612,Arthur Hancock,Australia,NULL,xuwqhey004@vrywqqrf.suu-vx.net
613,Krystal Bird,Macao,NULL,rqcnro456@uaeecg.com
614,Edith Ferrell,Greenland,NULL,mzsryd.ddncqkt@ddprd.-stxtp.net
615,Kurt Martinez,Somalia,NULL,poxer@msikck.com
616,Jeffrey Stephenson,Nauru,NULL,hanaevu@eebwik.net
617,Sheri Gordon,French Guiana,NULL,tgcuwk.zuqwhhnlph@sbvtrw.com
618,Blake Lucero,Spain,NULL,jwzafwse664@nhvqxr.com
619,Casey Daugherty,Barbados,NULL,csmuqkj857@prloj.iqb-ag.org
620,Kristian Parker,Australia,NULL,vfpntp.tcctwcqs@ssrdfi.org
621,Annette Camacho,Namibia,NULL,ylqltjc.uhaanxiyj@kfajcc.ntrzfe.com
622,Tanya Joseph,French Guiana,NULL,mqhis.vwlx@vjewxs.org
623,Yvonne Schmidt,NULL,NULL,khjqv.pubvrxlrq@ylkex.disjlc.org
624,Tisha Lopez,North Korea,NULL,iybjxr.ugbkchikso@tohfie.com
625,Duane Medina,Spain,NULL,vudrsi@tixwqecn.w-hqxf.org
626,Lisa Fitzgerald,Azerbaijan,NULL,upvas20@suyjbkv.fxxdcw.org
627,Nicole Giles,Greece,NULL,mndfk.ojnhae@p-suhy.net
628,Toni Powers,Bhutan,NULL,gctyvwl.qowtxxzee@ndvj.hhcjau.net
629,Terry Campbell,Lesotho,NULL,gwdr.sxudk@vrcspc.com
630,Lamont Hooper,Australia,NULL,tdgjf3@vwbmbuipk.atzkta.com
631,Micah Hinton,Congo,NULL,arlrd7@jhdpla.com
632,Kirk Gallegos,South Georgia,NULL,pjril8@dwpczy.org
633,Tim Cook,Czech Republic,NULL,rdtxz@cmlhyvam.yrfjxf.com
634,Corey Vargas,New Caledonia,NULL,parfhg@zrjilku.jdrf-o.net
635,Randal Porter,Latvia,NULL,zqlh3@xizug.nojaut.com
636,Darin Castaneda,France,NULL,vpgvjwj.olgricflhy@auwc-c.net
637,Randal Villa,Gabon,NULL,oxcjk.zsaojy@jalfmfp.vzstuj.net
638,Raul Holder,Haiti,NULL,sriorjw3@hjfpv.mcoyel.net
639,Irene Moss,Argentina,NULL,gjrxxpa.spsuz@nbzvfmtdy.wnutlx.com
640,Autumn Downs,Jersey,NULL,cmqumqs.nzconal@mceuqnyms.wafscn.net
641,Drew Rowland,Slovenia,NULL,nspid.gevv@jiikmb.wcvzye.net
642,Jack Roy,Costa Rica,NULL,hhzbqk.odzpv@drizntx.qlotjw.com
643,Cheryl Lamb,Brazil,NULL,xwmyxwu.kpuhnmnnts@gfsjzi.aqnxyt.org
644,Dylan Warner,Germany,NULL,ikmgw.cedad@fpcguq.com
645,Tammy Joseph,Macedonia,NULL,oxnfs@nksdbg.com
646,Jody Shepard,Lithuania,NULL,akcogz9@tryk.nvosqx.com
647,Lester Schwartz,Cape Verde,NULL,mimsfxe8@mfhyho.net
648,Matthew Larson,Uzbekistan,NULL,zxdpzqqg.ucaxb@mjbfoc.net
649,Sheila Chaney,NULL,NULL,dphnqkce51@pgxpx-.net
650,Omar Vance,New Caledonia,NULL,qejluep.uhlwaisd@ysqmu.uuvhze.net
651,Rachael Peterson,Lesotho,NULL,wzdeep.mwuwlw@flohtn.org
652,Mason White,Iraq,NULL,pvaju.plyzbfoy@iftsxd.net
653,Charlotte Massey,Bahamas,NULL,xcnqoti.oipouym@mxnsrov.jhgyrr.org
654,Amber Molina,South Africa,NULL,wkxzxfqb.pdfo@olrbrekz.-i-smw.com
655,Christa Daugherty,Isle of Man,NULL,kyopfo497@hv--kf.org
656,Ty Watkins,Singapore,NULL,msay@igbyov.com
657,Virgil Greer,Thailand,NULL,rixkv700@zsaqqn.net
658,Cherie Schmitt,Pitcairn,NULL,orarjqc.admfhj@pehmhxcf.pqelga.net
659,Bradley Giles,Montserrat,NULL,fzigbe1@fisj.hajpsf.net
660,Dana Jensen,South Korea,NULL,mzal705@itbnzd.net
661,Cary Clark,Estonia,NULL,wdzbxhfd3@ektadq.org
662,Shelley Boyd,Benin,NULL,iwqn.ggnj@bxtmy.dgamkg.org
663,Jack Hayden,Israel,NULL,eiimvoyg.jnhhywshw@hqgcbl.net
664,William Hawkins,Dominica,NULL,vmjk@-oxvvh.com
665,Tanisha Petersen,Mali,NULL,kuwjetdk86@sbfituz.vl-yrs.net
666,Bryce Carson,Peru,NULL,badesipj.jzffagxqwv@orchyj.com
667,Kristie Grant,Montserrat,NULL,NULL
668,Colby York,Montserrat,NULL,bklefvo.klvpsl@qltb.wckokk.org
669,Bernard Mc Connell,Iran,NULL,jfanzy.zerbzljvxw@kiypeanht.jbvfaf.net
670,Pamela Day,Argentina,NULL,smlwqhca75@dx-afk.com
671,Herman Nelson,Armenia,NULL,kghi.ftkdbv@rorrn.zbnd-u.net
672,Natalie Neal,Macao,NULL,gzzj.cfoim@haqov.kfljoy.org
673,Ashley Hamilton,El Salvador,NULL,isdi.inkdsd@mzjfa.qaxpdj.com
674,Roberto Krueger,El Salvador,NULL,upkkm.mkzmv@qnwra.tl-ixw.org
675,Cheri Steele,Hungary,NULL,vndpeqt.hqqxz@tdwwlj.net
676,Robert Paul,Falklands,NULL,ktxhob4@wwwrva.net
677,Traci Dawson,Sweden,NULL,oajvu.qtzlul@ejtkfr.net
678,Cody Ho,Libya,NULL,ekirmwmb.pelayc@ltqz.ebeqga.com
679,Fred Dominguez,Virgin Islands,NULL,cuzell729@vpddlq.org
680,Shirley Mathews,Cameroon,NULL,galesdp191@jmvmqes.mrinjm.org
681,Emily Clay,Greece,NULL,vkofwu.tiqxnbymci@izaxq.nsvcta.org
682,Donald Lindsey,Tonga,NULL,kppvq.vtin@kswlah.org
683,Lucas Weber,Haiti,NULL,vkrpifve.ortrjw@pvmfr.vic-yr.net
684,Erin Frey,Kyrgyzstan,NULL,xpoey30@tybksj.org
685,Saul Beasley,Zimbabwe,NULL,irnqptht.vfxwuuedfx@ftvbylt.jpymjb.com
686,Norma Warner,New Caledonia,NULL,ylqm24@digp.bdxluv.com
687,Julie Saunders,Bhutan,NULL,vazs34@edtgna.net
688,Cary Houston,Afghanistan,NULL,jtbhkr.vimppdj@mioadx.com
689,Terrance O'Neill,Sierra Leone,NULL,yblkvr.hlvtoph@la-bua.net
690,Colleen Valenzuela,Sri Lanka,NULL,larjlews.qjbzrqc@oxgxb.hsvihc.org
691,Christi Watts,Monaco,NULL,gjqee.yaqcrormk@njggedpsc.-ioipt.net
692,Allyson Obrien,Mexico,NULL,alykl.pukd@kygpqi.org
693,Irma Bowen,Panama,NULL,momtuxrc.uwwjzccxrj@eomepk.org
694,Katina Gallagher,Malta,NULL,ykuko.qqrfnbi@kbzfo.rppciw.org
695,Bill Hardy,San Marino,NULL,iguac480@gzd-hw.org
696,Neil Morales,Grenada,NULL,uolce1@noi-iz.net
697,Colleen Montoya,Hong Kong,NULL,fyryfwoc4@lqnutu.net
698,Adrian Mayo,Vanuatu,NULL,xrxr0@qfhhricw.ombszs.org
699,Dustin David,Moldova,NULL,byvgpe327@inafc.gnuhly.com
700,Denise Shelton,Montserrat,NULL,fterelw.gaabhdjbip@-amxmx.org
701,Barry Barron,Tunisia,NULL,qihdxvk5@ujteae.org
702,Jermaine Ramsey,Tonga,NULL,kgdjxz6@nwfmys.net
703,Cesar Buck,Russia,NULL,lsglttql.ivixpwje@xpslvy.org
704,Alberto Bautista,Tunisia,NULL,owvmebos@gookjy.qgjcst.com
705,Melisa Olsen,Montenegro,NULL,vzuqumpx.vqgjwro@zjahbw.com
706,Charlene Harrington,Venezuela,NULL,tetcs.ssje@qqvxng.org
707,Alison Lindsey,Cape Verde,NULL,kspzlrv.stfvws@ccjqdij.ehsfko.com
708,Alisa Nguyen,Somalia,NULL,jimddh.ybrljhuxvn@tqgjgvfi.nfcctl.com
709,Kristin Dalton,Italy,NULL,whugisc.uxov@dktt.bxhbnz.com
710,Monica Ho,Cambodia,NULL,nhqv9@ykxesi.hugcjz.net
711,Frederick Johnson,United States,NULL,sldzzssj16@hdmqnmivy.ogusrg.com
712,Dan Clark,Iceland,NULL,opcvny@pwoswfncp.lgsxmt.com
713,Claude Cross,Qatar,NULL,yzqaw.ozmqoipfgf@wkofp.rahxeh.net
714,Monte Vasquez,Jordan,NULL,pzgkoa.igbmbk@lrlxog.com
715,Chandra Harrell,Liechtenstein,NULL,NULL
716,Dena Novak,Guinea,NULL,bjeot.exasq@q-webh.org
717,Suzanne Pearson,Puerto Rico,NULL,pheglnvv.qnjfwkxq@parg.pakaie.org
718,Vincent Clayton,Uzbekistan,NULL,ytxjmg00@lmle.hkwhno.com
719,Dan Weeks,Ecuador,NULL,eumk.dqyklz@kfonzhg.dpgo-t.org
720,Caleb Meadows,Togo,NULL,kfhkhlu.lgjnbafly@tapiso.wcepjl.com
721,Rebecca Hammond,Monaco,NULL,grqczlpg.wccpcdbtnn@zssuxv.uxxwat.com
722,Marcella Boone,Montserrat,NULL,vbfe.hvmohacoqy@qrxjen.dsczea.net
723,Demetrius Adams,Singapore,NULL,hgrhjq.xggquz@ytlcvxlw.kphdvf.com
724,Juan Patterson,Mauritius,NULL,muhzru.zadywyfmwa@sskvup.-ena-s.org
725,Bradley Meza,Jordan,NULL,ezhhzla.hywl@hvux.tjldbv.net
726,Clarissa Randall,Kyrgyzstan,NULL,lydf.bnpsmd@lmwslq.com
727,Daphne Goodman,South Africa,NULL,gfvmpun141@etev.irbgtz.net
728,Brandy Dyer,Peru,NULL,yhij1@jd-g-l.com
729,Jennifer Wang,Latvia,NULL,rpnnido.apdybntw@wtcpdg.org
730,Alma Clarke,Australia,NULL,avbifpy34@utampn.net
731,Audrey Charles,Tanzania,NULL,qhklqpq.ifbunvfrjo@ckkyrb.org
732,Elizabeth West,Togo,NULL,cothajnr.zhojzfo@xvugzzjn.zmznpl.net
733,Lucas Boyd,Trinidad,NULL,muteh.vosku@khvcgiit.qwqrjo.com
734,Joel Osborne,Haiti,NULL,dlfst.qhaklhzslt@snepl.mchqxj.org
735,Kari Gould,Dominica,NULL,agifnqss@iard.xgxtdy.net
736,Joshua Ho,Israel,NULL,ahmuz1@skfflzzb.gmklld.com
737,Jeanne Powers,Cameroon,NULL,cjiv45@xnpruysy.zrvxtc.net
738,Lydia Summers,Kiribati,NULL,gpuaqn7@kyusctc.ppsltn.com
739,Douglas Lucas,Taiwan,NULL,hglorp.yofhzfdax@ufzter.cyncal.org
740,Jocelyn Burns,Angola,NULL,dghluucp.nvokmso@qghmgx.org
741,Jami Marks,Latvia,NULL,xruntc.wsmmtspffq@tlvonl.com
742,Walter Orr,Gabon,NULL,vtao.eyzzutqi@b-gyqb.org
743,Raymond Mc Connell,Mayotte,NULL,bbslv@cgdsxu.nrefvb.com
744,Sandy Baker,Nicaragua,NULL,wwnnep4@qptctzn.namfdf.net
745,Ronald Higgins,Togo,NULL,zxbvzq9@byynqj.com
746,Alberto Blake,Cook Islands,NULL,vuplgixw53@eevknnzi.bamkfo.com
747,Ashley Costa,Spain,NULL,wtbb.lvnbuxek@tuuthwxe.pmjswq.org
748,Kristi Turner,Egypt,NULL,ospf7@zmfkas.grlutn.net
749,Charlie Huff,Armenia,NULL,woby644@ruamgb.sxkzbo.net
750,Lakisha Mason,Iraq,NULL,lffmc.tismv@ibsjkax.eesjvb.com
751,Yolanda Ponce,Morocco,NULL,lldi.fzyqxar@fagoif.net
752,Floyd Craig,Jamaica,NULL,tvezztse.lharzuww@tcwplk.com
753,Theodore Russo,Poland,NULL,ombrsgk.mffgmgs@tobmtnn.kqyono.org
754,Angelique Mc Guire,Pakistan,NULL,pehupuh36@hwejaryhb.ncivto.net
755,Chanda Huynh,Algeria,NULL,rzxw48@oeiw-e.org
756,Abigail Summers,Germany,NULL,tenwi4@eynxik.net
757,Sherman Edwards,Belize,NULL,gluuyd.swkqce@utkuqw.com
758,Yesenia Miles,Congo,NULL,qurat.xxmys@fjdqiq.org
759,Lorie Huff,Kiribati,NULL,obgodqaf.ceddlsxb@tqgzzum.q-mrpn.org
760,Israel Mc Carthy,Botswana,NULL,tfnfx.opvwdy@hpojx.gohczo.net
761,Quentin Kaiser,Cambodia,NULL,koqw.snwo@rjeyjbegf.adiumq.org
762,Lamont Sanders,Kenya,NULL,ydtrfgfg0@zhxcxj.com
763,Eugene Glass,Grenada,NULL,xjprh.nalbhuq@-dysbz.com
764,Melinda Graves,Haiti,NULL,kjbvlrp@udzxsttbc.mzikqc.net
765,Jeremy Morales,Estonia,NULL,qqysjh.qcjvvll@d-gfyi.net
766,James Mora,Argentina,NULL,ixksku.vfrb@sygdr.fcbnsg.com
767,Rosa Conley,Lesotho,NULL,lfrhbebj.fhuza@ockhi.vrdgev.net
768,Karin Tucker,Guernsey,NULL,dhlkpoja.jkmyjx@wtefcudgw.wwwnrt.org
769,Erika Barry,Cyprus,NULL,jokr1@xnxhg-.org
770,Jonathan Roberson,Bahrain,NULL,cvxf.jrtdavuss@ossejq.org
771,Andrew Delacruz,Cuba,NULL,vfsyhqw.pxeush@pjew.euaysh.com
772,Joey Black,Estonia,NULL,sexvv7@dbedus.wkqftg.net
773,Blanca Hawkins,Bahrain,NULL,raxxjx.wwtgywf@ewbuzbaj.vwsnyy.org
774,Lindsay Shepherd,Cuba,NULL,dbsvcpp.gblqzefz@ussyxo.org
775,Ruben Rodgers,Isle of Man,NULL,rsiyuert4@lfquyxsw.mnhngn.com
776,Sherrie Phelps,French Guiana,NULL,vgcoxxzi92@oodiob.yqgeze.net
777,Kenneth Morales,Anguilla,NULL,hxdic.zsnhqmsqu@-ztjy-.com
778,Misty Phillips,Cambodia,NULL,wpvj.frzjvx@iplufk.net
779,Tami Conley,Niue,NULL,anoheux.dyea@ioolus.org
780,Bridget Choi,Eritrea,NULL,tukq@ygpoh.qnjubk.net
781,Ricky Bolton,Nepal,NULL,tptl698@ovmuds.net
782,Greg Stephens,Micronesia,NULL,jayka.ybbaqvg@uxsvyb.net
783,Staci Allison,Niger,NULL,bvtzetg639@rongox.net
784,Shawna Meyer,Azerbaijan,NULL,xial.aevgapifc@iuzndx.net
785,Sonia Lambert,Jordan,NULL,pfdhrnb949@--yvbx.org
786,Abigail Schmitt,Jordan,NULL,mmzn937@ekaxwesy.dgrpap.net
787,Aaron Holt,Comoros,NULL,pivy7@cgzoud.org
788,Nathaniel Chang,Czech Republic,NULL,nizcb.ycrfujmq@tlog.rhgoal.net
789,Melinda Padilla,Guinea,NULL,kdqwnh.nrlzz@wzqqsp.slmjqq.net
790,Yvette Dudley,Turkey,NULL,pxzohb93@gtdhdrvkp.vgxije.com
791,Yvette Shannon,Greece,NULL,qfzaboal.smrggmuz@gzvlyfcr.yrybws.org
792,Nathaniel Patel,Venezuela,NULL,frphsyks5@pkwfwrk.bwlhuu.net
793,Andres Mcfarland,Afghanistan,NULL,kvnai.txobksvm@eigbx-.org
794,Charity Sexton,Russia,NULL,pdvd.drys@zb-cbh.org
795,Donovan Howard,Taiwan,NULL,zvhjy.lmrmvm@klqyq.ttbolq.org
796,Aisha Hines,Andorra,NULL,dzpskwt.ehirehg@ujprmj.seadum.org
797,Charlotte Berry,Vanuatu,NULL,dirwdb@kphfom.net
798,Benjamin Cobb,Cook Islands,NULL,wwssmn766@shvnwp.com
799,Terrance Bradford,Hungary,NULL,omkb.tjlqpihqdu@eqci.gwhshm.net
800,Caroline Wolf,Swaziland,NULL,wmoij8@rgadjjc.-b-ksw.org
801,Charlotte Underwood,Peru,NULL,deih@rvtgtm.net
802,Sheldon Gordon,Lebanon,NULL,selcqeny.mqslurdpe@d-unck.com
803,Randall Conley,Angola,NULL,ujnjz.ldezqjr@cfgbcee.fondqo.com
804,Edgar Benson,Vietnam,NULL,aiwuy7@zkfwcntj.xdlnpe.org
805,Bridget Mc Clure,Croatia,NULL,lfjuorfq@vmnuwd.net
806,Jorge Hill,Guadeloupe,NULL,jmakhepp.fpseh@kltz.asfwok.com
807,Becky Bates,Guinea,NULL,qllds.ynkbqcfpx@eaxls-.org
808,Diane Melendez,Lithuania,NULL,lhekpezw@lihywb.icvchc.net
809,Jolene Melendez,Estonia,NULL,oteskzp@vxqeau.net
810,Tyler Delacruz,Poland,NULL,fwuzpriu.ewhryl@btpwvjdtf.rythny.net
811,Vanessa Huerta,Fiji,NULL,ttpabfp.xvdzf@taoibkwvm.bawwhh.net
812,Glenda Mullen,Uzbekistan,NULL,rjkbr96@bulv.onjigh.net
813,Angel Proctor,Macao,NULL,ondna.nfjnsq@dabtpx.com
814,Angelo Delgado,Côte d'Ivoire,NULL,qfdhu.ijmrme@yuqkw.xcbxef.org
815,Dean Walton,Lesotho,NULL,ohwesmi.vppbef@dxiczz.com
816,Anita Boyer,Mayotte,NULL,jscbjp.cvfuilul@uvgktxds.iybogj.com
817,Colleen Marks,Sierra Leone,NULL,tfwfgxi.aewsdxcu@gzzexr.ii-fxk.net
818,Bernard Underwood,Falklands,NULL,affaoxyl@hfazub.net
819,Brent Lozano,Tuvalu,NULL,kuaynro.dcte@sxuqth.com
820,Abraham Gomez,Slovenia,NULL,izvgdh87@fehmw.zofuer.com
821,Jamey Morse,Sweden,NULL,icalzcxf.skls@g-wywn.com
822,Kristin Mahoney,Estonia,NULL,ukiyint0@ljteu-.com
823,Milton Valenzuela,Zambia,NULL,tlxhspn@vlrqot.net
824,Gregg Grant,French Guiana,NULL,efpu@wfqdwa.org
825,Timmy Navarro,Russia,NULL,imbgta.xtdmttfm@gbdqlm.net
826,Roman Frey,Egypt,NULL,ryfojt307@eqgxrq.com
827,Christa Ellis,Estonia,NULL,dbeisu60@iiobij.com
828,Clay Meyers,Greece,NULL,pkdtdac@wkznx-.org
829,Leo Leach,Greenland,NULL,yyurb78@ohgbvtyk.rstmyf.com
830,Shannon Ruiz,India,NULL,jurb4@tbpv.fjremq.com
831,Alfred Landry,Greenland,NULL,uzpbygeh.nikak@nvqzzwv.lljutt.org
832,Pamela Cantu,Sri Lanka,NULL,faslbu502@vfzotz.tdubus.com
833,Oliver Richards,Saint Helena,NULL,umzan.arrjtqlkz@vqgjfz.net
834,Hilary Crane,Slovakia,NULL,vbfqqjhl025@dhxjfe.org
835,Amber Fields,Malvinas,NULL,vnbxw29@wdvbazle.iyhd--.org
836,Malcolm Hardy,Cameroon,NULL,ipoanhkc.lzavbah@ifxju-.org
837,Joann Bauer,Malvinas,NULL,wfywvj@hjvlz.n-e-mx.org
838,Tony Pruitt,Pakistan,NULL,cnuv792@xqpopr.net
839,Gustavo Maddox,Swaziland,NULL,izoqx87@xywath.com
840,Owen Clements,Bermuda,NULL,mexhcy.uylpiqfaxo@nzi-e-.org
841,Dwight Chapman,Belarus,NULL,apvhag4@rzeryi.org
842,George Mc Millan,North Korea,NULL,htwe79@wcbyia.org
843,Freddie Gaines,Vanuatu,NULL,dpcfspfc@krzcsvel.whiwsn.com
844,Noel Mc Cormick,New Caledonia,NULL,tqenvfp.bgydguogkf@fnxtnhhtj.aqskgd.net
845,Terrance Schmitt,New Caledonia,NULL,mkgrux65@hhkinc.org
846,Glenda Harmon,Guyana,NULL,ixics248@mvsstn.net
847,Krista Kidd,Jordan,NULL,gbruzsrt81@foadzt.net
848,Latisha Bean,Sierra Leone,NULL,bvykdmp.akgnhg@zika-x.com
849,Leonardo Hendricks,Eritrea,NULL,moeroo.bavvopfe@wsrlzh.com
850,Norman Martin,Georgia,NULL,zjgeaxoy.kbal@mhks.jdgmf-.net
851,Kristian Ortiz,Czech Republic,NULL,apwdm.bwzyhp@tmtkft.net
852,Mario Freeman,Oman,NULL,wvnpf.uwvfqi@nwwwph.com
853,Steven Ferrell,Estonia,NULL,ymwnam.zbxahzz@gfblkhyfo.ojxijj.com
854,Myra Gallegos,Mexico,NULL,cimphg545@xmuibk.net
855,Virgil Hoffman,Zimbabwe,NULL,exhlhb656@w-opxu.org
856,Edgar Petty,Jersey,NULL,tnsyqrxd.zkbykfea@dwxxsea.esepyi.com
857,Robert Mora,Lesotho,NULL,pmqkeys5@pkmx.rawptf.com
858,Colby Whitney,Qatar,NULL,kxgcj4@rjvefe.geubwv.org
859,Tasha Norris,Denmark,NULL,bgiouug@kcgaqk.com
860,Dorothy Carlson,Vatican City,NULL,untnv.marn@zuhejx.org
861,Lawanda Esparza,Bahrain,NULL,kfck5@cqhamu.org
862,Benjamin Braun,Anguilla,NULL,mxwif294@wgni.jgqbry.org
863,Tanisha Guzman,China,NULL,woxfbn.lxaknetwef@agwdzccm.puynvi.net
864,Brady Atkins,Switzerland,NULL,axyjzki@nuxlqbmp.teyjmi.net
865,Ashley Wallace,Hong Kong,NULL,bvrvvnei@nqbr.zwsihl.com
866,Edgar Henson,Japan,NULL,gpuyn.pflctj@tcfdkt.org
867,Jonathan Valencia,Costa Rica,NULL,dhmnmdut15@jv-kgh.org
868,Lena Maynard,Philippines,NULL,xogp.chxzdlqrb@lkrskgdhj.jdzmux.org
869,Lakesha Barr,Nicaragua,NULL,xgxeprb447@rhvxng.com
870,Rick Cooper,Grenada,NULL,dhpmrdx55@cfhvaqzdr.q-plrr.net
871,Ivan Scott,Andorra,NULL,wwpcppc.nqdy@qpcocnq.emmyla.net
872,Kristina Li,Bhutan,NULL,vkeqloz.sbslmn@pzvpcv.net
873,Daphne Livingston,Isle of Man,NULL,hjqcqqx87@yaqlwi.com
874,Tonia Hardy,NULL,NULL,ctyq.cwqr@kdeima.org
875,Jeannette Carney,Somalia,NULL,meqvdvqx244@qrmdtukr.ckduwg.net
876,Lakesha Wade,Portugal,NULL,hhlx462@mldxdy.s-xhib.com
877,Melissa Dickerson,Congo,NULL,rrrway11@mmzkno.net
878,Shana Alvarado,Georgia,NULL,sznawhoz.yjkq@ajfsi.zugpbe.org
879,Helen Zimmerman,Guam,NULL,tujjts9@enfdmx.net
880,Bridgette Fuentes,Nicaragua,NULL,ekejavsa.gfjyk@aaxtrjjl.cltqtr.org
881,Gregory Bartlett,Haiti,NULL,NULL
882,Neal Torres,Seychelles,NULL,vcokinas@zfc-zm.net
883,Meredith Tate,Kuwait,NULL,hnav.rghczo@chpurm.net
884,Meghan Logan,Azerbaijan,NULL,gnqxjxjs.vhvhctmqw@hxeotb.net
885,Kelli Bowman,Angola,NULL,eujbgh.ahuxolssr@fwibq.pypkip.net
886,Vincent Perkins,Colombia,NULL,hmmlgp5@bwwwemw.gpnwts.net
887,Colin Barron,Nicaragua,NULL,ixtrr.gyggluuq@spht.kylgmx.net
888,Kim Atkinson,Mexico,NULL,stiys.urcmp@ekolzf.org
889,Drew Villarreal,Comoros,NULL,dqxhmvek53@cwbzmb.org
890,Annette Boyle,Slovakia,NULL,uddltb.xmprpsbkez@pzbokr.org
891,Chasity Benjamin,Bermuda,NULL,jatyz.tebcd@o-tvyk.net
892,Sean Singleton,Niue,NULL,unmux.oabtarxtrs@gfcxmo.org
893,Tamara Case,Slovenia,NULL,bvptxw.fmetarpaa@urhcd.nnkrpz.org
894,Cassandra French,Kenya,NULL,jatki.zrnfnfvpqc@wjttsm.net
895,Marianne Curtis,Timor-Leste,NULL,igopmya.wpsoov@xpssyu.com
896,Mandy Petersen,Anguilla,NULL,wjipg@uscyso.org
897,Charlie Li,Australia,NULL,xtndoipu@qjkzvp.com
898,Tonia Hutchinson,Liechtenstein,NULL,blwre0@d-nn-a.org
899,Lori Schultz,Belarus,NULL,ibsuf583@ccamdmwwz.omyeqw.com
900,Erin Bush,Eritrea,NULL,kjyfhnzg6@iursbz.org
901,Travis Finley,Côte d'Ivoire,NULL,nffqumf.neataxgwvm@gdfhif.net
902,Joshua Wilkinson,Colombia,NULL,lpwmswe.mbukef@kixlwg.nmfazi.com
903,Edith Small,Qatar,NULL,nopyhoa5@ltmcyuqz.uvohjy.org
904,Cassie Norris,Cambodia,NULL,dtgbu@dciddy.com
905,Steven Michael,Tuvalu,NULL,buad743@-pxpun.com
906,Tamiko Thornton,Finland,NULL,agqmr.qnpsqx@idelap.com
907,Dewayne Frost,Bermuda,NULL,lncorg.qofprki@knewqc.afolpb.com
908,Cedric Rivers,Estonia,NULL,mrfypyak007@yvwwq.itukfn.com
909,Christy Harmon,Jordan,NULL,byoab137@cduo-c.com
910,Leslie Newman,Suriname,NULL,qpsfyb@ilpsyc.aqhrsl.org
911,Sean Cross,Slovenia,NULL,gyfyfkdw.lgiczzcuwl@kfsby.iwxcp-.net
912,Marcie Booker,Bulgaria,NULL,xzfcfosr@rioy.rzlnzf.org
913,Marie Marsh,Burkina Faso,NULL,qnadiq80@tfrbst.xzu-gy.com
914,Freddie Knapp,NULL,NULL,bgoy.qpasoegwpv@jwlhjvg.fmvmsd.net
915,Rafael Grant,Bangladesh,NULL,gehck.qqjeopajzt@qltwss.org
916,Kristin Singh,Sudan,NULL,dtna56@ebwuvq.rrvecw.net
917,Claude Rush,Chile,NULL,pefm3@yxdju.akyjou.net
918,Louis Rivera,Morocco,NULL,rdvb60@cuehcc.org
919,Barry Cunningham,Vatican City,NULL,zevxn.muue@cviojmmj.-xaiez.org
920,Theodore Underwood,Cambodia,NULL,hvkuv.tpddprwwjp@wtuq.khdxwe.com
921,Kerri Wolfe,Pakistan,NULL,lbnj22@uijtz.bqsd-c.net
922,Angelica Hines,Qatar,NULL,ewjmkd.rfdpjmhg@pxzhdq.com
923,Leon Randall,Switzerland,NULL,vfli.baffztwd@qcqiup.com
924,Simon Navarro,Algeria,NULL,jjocmv.dkiry@voigcgav.ypr---.org
925,Emma Mack,Togo,NULL,vyzotzn26@glhvu.ligfhn.org
926,Darin Mc Dowell,Mali,NULL,wdsscfcw70@wpzjjp.net
927,Nina Robertson,North Korea,NULL,kfffswor.rvqgtonfsk@atfq.qgxclk.net
928,Tracey Velasquez,Croatia,NULL,nmxnf77@eqwlw.xhtmdl.org
929,Joann Guerrero,Nicaragua,NULL,kxkswfky067@bcfikl.net
930,Matthew Hampton,Madagascar,NULL,vbzod.iawkujxax@feqjgmk.qjycop.com
931,Owen Chen,Serbia,NULL,prxqhagx@sfcjd.fqdlum.org
932,Gilbert Monroe,Niue,NULL,hwkw@ijzpbfxs.ldrmlg.com
933,Gina Carr,Pakistan,NULL,njyzdwkl3@mlnmws.com
934,Jimmie Vaughn,Cyprus,NULL,absldi4@vwtlff.org
935,Jenna Whitaker,Belarus,NULL,odrmnf@-onell.org
936,Adriana Morse,Kazakhstan,NULL,oaocyzw.hszhgr@kiofg.ipijg-.com
937,Steven Beck,Costa Rica,NULL,heasex767@fswtwg.com
938,Amelia Miranda,Austria,NULL,dtahbfnp.vbwlvh@iidpyl.net
939,Jamey Pineda,Gibraltar,NULL,cwmqksgj94@yqdax.-vwofj.net
940,Melvin Schaefer,Burundi,NULL,xnvooycq@vnhlidjql.mxogag.net
941,Janice Hobbs,Réunion,NULL,kauf5@eqho.vvpmnk.org
942,Hannah Cantrell,Bahamas,NULL,aipjayzh.qeoeh@qwxgdz.org
943,Megan Sheppard,Hungary,NULL,hbtr.orhzm@pqkohv.com
944,Gilbert Lopez,Brazil,NULL,NULL
945,Kristian Higgins,Greece,NULL,qrnamxp@ljswfp.org
946,Margarita Blair,Zimbabwe,NULL,cngevzya78@prkfqcv.hlcdcs.net
947,Shelley Tran,Vietnam,NULL,fyzup.msaoxjwc@-uamzz.org
948,Jeffrey Weiss,Madagascar,NULL,cfuarvf27@wthxnp.com
949,Julius Simpson,Puerto Rico,NULL,plje982@tomq.l-eiux.com
950,Ginger Garner,Morocco,NULL,dtdatpm2@kwrsh.daucvj.org
951,Lance Torres,Portugal,NULL,lmkee.bagz@rspagz.net
952,Roxanne Miles,Israel,NULL,pjmcotnn.txae@nbuwiv.com
953,Marcie Irwin,Belarus,NULL,jcmif4@vdycpz.nahe-b.com
954,Louis Mendoza,Guatemala,NULL,rnefz.ysslg@xjirniwa.mvnuuc.com
955,Carla Castillo,India,NULL,zzpopjf0@jesegdxw.pdxqbr.com
956,Latanya Case,Madagascar,NULL,bzvfjl7@dlvhrubic.nqeqzj.net
957,Crystal Maxwell,Grenada,NULL,xnrvu.jaaslolvxt@xfv-jg.org
958,Angelique Braun,Cape Verde,NULL,ipokbn.vjhq@hubprvcv.xaqxla.com
959,Byron Evans,South Korea,NULL,osdttlq.qpzo@oryaztpg.mhqhkp.com
960,Jeffery Ball,Montserrat,NULL,jbty53@tenw.mtaen-.com
961,Erick Porter,Eire,NULL,zlsglv317@rilekr.com
962,Constance Shepherd,Bangladesh,NULL,vcxq.ojkyuwnum@bndslztf.ukozbi.net
963,Janice Acevedo,Kazakhstan,NULL,djupx.xxgzu@wbzidk.org
964,Naomi Franco,Réunion,NULL,celhjdt@uqdo.dwjuns.net
965,Alan Odom,Nigeria,NULL,hxomzu6@qdphpc.com
966,Diana Montoya,Comoros,NULL,owegtn202@kz-log.com
967,Lawanda Best,Botswana,NULL,hkexwymp.rcgeo@vzqqwm.xvedov.org
968,Andre Bell,Turkey,NULL,akhm85@sgptcf.com
969,Colby Shepherd,Armenia,NULL,vshv98@sg-ssv.org
970,Jeannie Randall,Nauru,NULL,xbch.sbdftesz@-hoezw.com
971,Vicki Valentine,Nicaragua,NULL,jvwpoaou.ijvntwcjg@vhtnhr.com
972,Wesley Kennedy,Bermuda,NULL,wwamxxd.mdrymlqjwn@bpqxbn.com
973,Nick Camacho,Finland,NULL,bgienvkh.pqiz@aciwbd.com
974,Ethan Stokes,South Africa,NULL,uotgkpuj.bgvmlraj@xyjd.nwzeq-.net
975,Latanya Werner,Iran,NULL,djzbd.efaxxqgo@wsrogw.org
976,Betsy Parks,Myanmar,NULL,nvsve.emrclpwl@rxlgd.hgnuhe.org
977,Franklin Mc Millan,Guadeloupe,NULL,nukq3@nsdplgbzh.uoytjj.com
978,Audra Soto,Qatar,NULL,oqeczh.rfgkqk@xn-rw-.com
979,Hope Bolton,Pakistan,NULL,askh.agmdulxlsv@owswwj.net
980,Christi Goodwin,Togo,NULL,vvjwonej85@ezxmqe.mvdy-l.com
981,Pamela Cohen,Mauritius,NULL,dvzimfex.ghnjlyg@stzjtu.org
982,Lamar Meadows,Burundi,NULL,afyocoh.xfolzbh@wkcjes.org
983,Gilberto Norris,Latvia,NULL,whekgn@sadsg.za-flt.net
984,Eric Daniels,Argentina,NULL,mixse.fior@aqrfou.com
985,Scott Fowler,Sierra Leone,NULL,xgeetl9@plyxppros.roafpx.com
986,Micah Sanford,Guinea,NULL,zwyidpc.levoino@ctbqyfrc.qcybmt.org
987,Oscar Yates,Mexico,NULL,efhijvwb89@mwhvrhjys.aikpoi.com
988,Guadalupe Mack,Greenland,NULL,fiijcatx7@cxopbu.net
989,Mandi Krause,Somalia,NULL,aqfmqgak87@-tdtga.net
990,Shawn Pope,Mauritius,NULL,vgxwxlwa9@rdxlttnz.va-kwv.com
991,Jana Delgado,Bhutan,NULL,nqhxvyo.oogaivtn@ginhgd.jwwlo-.com
992,Ernest Patton,Antarctica,NULL,ahshweir970@fyoee-.org
993,Bobbi Melendez,Denmark,NULL,bucorxw.svinafm@qccg.rwppn-.net
994,Gavin Bender,Pitcairn,NULL,eayrnup.ngmaf@gscth.xgvjjr.org
995,Ben Kim,Thailand,NULL,izskrho6@wovujl.com
996,Bobby Palmer,Nigeria,NULL,jvxb@vdkxp.egtqnx.org
997,Eduardo Fowler,Mozambique,NULL,akxa.kbzyadyn@jxexo.gxqjjo.org
998,Lakisha Blackwell,Nicaragua,NULL,xttnv028@dmxmo.ebgqtg.org
999,Ruby Callahan,Kuwait,NULL,dzjdxv023@ooipj.tlv-dv.net
1000,Constance Dunn,Cambodia,NULL,ymgznek618@xmqcd.qnyajq.com
