SupplierID,Name,City,ReferenceNumber
1,"Unerazz  ",Virginia Beach,R9F3R5XWZ1R56KI
2,"Cipquestollor WorldWide ",Fresno,IOYV264X9WTM2P9
3,"Thrurobover  ",Newark,GU11TUE4YHA9YLY
4,"Inquestedazz WorldWide ",Seattle,DERZV6UL5HTUCAT
5,"Zeekilefax Holdings ",Corpus Christi,RQOCIG7OATWKVUY
6,Barfropazz Direct Corp.,Dayton,XY9NY9590GWC0JS
7,Lomnipax Holdings Inc,Akron,O0H7XMCW62P299P
8,"Unsipar  ",Minneapolis,I6XE05BILEC1KVO
9,Invenover International Inc,Shreveports,18WVCQQBLCHVJ30
10,"Tipericator  ",Norfolk,QKTUMDNIOZMI9AB
11,Intanower  Inc,Portland,EY11DUZRFLSNOGY
12,Frowerar Holdings Company,Arlington,EMB02U4NKD6C471
13,Varnipepicator International Company,Cincinnati,06HL2ZCWL1E0KZT
14,Ciptanaquover  Group,Rochester,034NZB8KTDG0NMN
15,"Bartanaquazz International ",Montgomery,JHMIYDGF9EE0F42
16,"Raprobplover Holdings ",Greensboro,JXC13EBPXXROIC8
17,"Upcadewicator Direct ",Norfolk,E6H3DBAMNODKX74
18,"Hapdimor WorldWide ",Garland,BVGQ9L456XK1MSW
19,"Surzapover WorldWide ",Corpus Christi,6FM8MZ78NPDE0QR
20,Lomfropexicator Holdings Group,Newark,S1CNWIPS2BWFR80
21,"Cipjubicor Holdings ",Stockton,RGEILW3BN72K7P4
22,"Endpickican  ",Lincoln,6T8LF91OPU6B2SG
23,"Emcadefentor Holdings ",New York,PJMKC95WY0ZOG4K
24,Haptinors Holdings,Richmond,6G9Y0FFIFPSRPS9
